INSERT INTO sys.Admins (id, name, password, twoFAsecret)
VALUES ("1640380", 
		"Jonnie Klein", 
		"$2b$10$FpxvE/Nufx5Aau0U1OFGjuhEBYeP9AI5bxk4TOv/ey.2PLZ.RWGr6", 
		"JRBFIVTFNZBSYW3QOU3V2YRWMROSKMDEMIZVIZRWENHVWU3T");
		
Insert Into sys.Course (courseId, description)
VALUES(0, "Computer Science and Technologie");
Insert Into sys.Course (courseId, description)
VALUES(1, "Social Science");
Insert Into sys.Course (courseId, description)
VALUES(2, "Commerce");
Insert Into sys.Course (courseId, description)
VALUES(3, "Industrial Electronics");
Insert Into sys.Course (courseId, description)
VALUES(4, "Liberal Arts");
Insert Into sys.Course (courseId, description)
VALUES (5, "Communications, Media and Studio Arts");
Insert Into sys.Course (courseId, description)
VALUES(6, "Business Administration");
Insert Into sys.Course (courseId, description)
VALUES(7, "Early Childhood education");
Insert Into sys.Course (courseId, description)
VALUES (8, "Nursing");
Insert Into sys.Course (courseId, description)
VALUES(9, "Music");
Insert Into sys.Course (courseId, description)
VALUES(10, "Science");


Insert Into sys.Student (studentId, name, notes, courseId, permission, password)
VALUES( "6128748","Elie Sader","",0,0,"");
Insert Into sys.Student (studentId, name, notes, courseId, permission, password)
VALUES( "1647830","Kevin Hirsh ","",0,0,"");
Insert Into sys.Student (studentId, name, notes, courseId, permission, password)
VALUES( "1675093","Jonnie Kleinn ","",0,0,"");
Insert Into sys.Student (studentId, name, notes, courseId, permission, password)
VALUES ("1547390","Eliza Gaudio","",0,0,"");
Insert Into sys.Student (studentId, name, notes, courseId, permission, password)
VALUES ( "1495034","Kyle Nancoo","",0,0,"");

Insert Into sys.Student (studentId, name, notes, courseId, permission, password)
VALUES ( "1839048","Adryan Hale","",1,0,"");
Insert Into sys.Student (studentId, name, notes, courseId, permission, password)
VALUES( "1572590","Keana Levesque","",1,0,"");
Insert Into sys.Student (studentId, name, notes, courseId, permission, password)
VALUES( "1582140","George Daher ","",1,0,"");

Insert Into sys.Student (studentId, name, notes, courseId, permission, password)
VALUES("6212244","Vanessa Gladio","",2,0,"");
Insert Into sys.Student (studentId, name, notes, courseId, permission, password)
VALUES( "1876654","Anthony Parent","",2,0,"");
Insert Into sys.Student (studentId, name, notes, courseId, permission, password)
VALUES ("1467283","Claude Miles ","",2,0,"");
Insert Into sys.Student (studentId, name, notes, courseId, permission, password)
VALUES ( "1495339","Alxander Geat","",2,0,"");

Insert Into sys.Student (studentId, name, notes, courseId, permission, password)
VALUES( "1694594","Tony Bowler","",3,0,"");
Insert Into sys.Student (studentId, name, notes, courseId, permission, password)
VALUES( "1446412","Greg Ocatve","",3,0,"");
Insert Into sys.Student (studentId, name, notes, courseId, permission, password)
VALUES ( "1517800","June Nguyen ","",3,0,"");
Insert Into sys.Student (studentId, name, notes, courseId, permission, password)
VALUES ( "1634923","Elee Phan","",3,0,"");
Insert Into sys.Student (studentId, name, notes, courseId, permission, password)
VALUES( "1493032","Kenny Tan","",3,0,"");
Insert Into sys.Student (studentId, name, notes, courseId, permission, password)
VALUES ( "1835231","Jason Ruiz ","",3,0,"");
Insert Into sys.Student (studentId, name, notes, courseId, permission, password)
VALUES ( "1847591","Jasper Ruiz","",3,0,"");
Insert Into sys.Student (studentId, name, notes, courseId, permission, password)
VALUES ( "1846591","Andy Cupidon","",3,0,"");
Insert Into sys.Student (studentId, name, notes, courseId, permission, password)
VALUES ( "1849174","Sammy Farha ","",3,0,"");

Insert Into sys.Student (studentId, name, notes, courseId, permission, password)
VALUES ( "1745254","Bradley Coe","",4,0,"");
Insert Into sys.Student (studentId, name, notes, courseId, permission, password)
VALUES ( "1645789","Jimmy Ibarr","",4,0,"");
Insert Into sys.Student (studentId, name, notes, courseId, permission, password)
VALUES  ( "1423586","Mohammed Alam ","",4,0,"");

Insert Into sys.Student (studentId, name, notes, courseId, permission, password)
VALUES ( "1647846","John Pali","",5,0,"");
Insert Into sys.Student (studentId, name, notes, courseId, permission, password)
VALUES ( "1745367","Johnny Bravo","",5,0,"");
Insert Into sys.Student (studentId, name, notes, courseId, permission, password)
VALUES ( "1566733","Morgan Dexter ","",5,0,"");


Insert Into sys.Student (studentId, name, notes, courseId, permission, password)
VALUES ( "1864372","Alex Mason","",6,0,"");
Insert Into sys.Student (studentId, name, notes, courseId, permission, password)
VALUES ( "1458394","Robert Clyde","",6,0,"");
Insert Into sys.Student (studentId, name, notes, courseId, permission, password)
VALUES ( "1684759","Micheal DeSanta","",6,0,"");

Insert Into sys.Student (studentId, name, notes, courseId, permission, password)
VALUES ("1846389","Alexander Masonier","",7,0,"");
Insert Into sys.Student (studentId, name, notes, courseId, permission, password)
VALUES ( "1462341","Roberto Cavendish","",7,0,"");
Insert Into sys.Student (studentId, name, notes, courseId, permission, password)
VALUES  ( "1693784","Michelle Sousa","",7,0,"");
Insert Into sys.Student (studentId, name, notes, courseId, permission, password)
VALUES ( "1743042","Javier Escualla","",7,0,"");
Insert Into sys.Student (studentId, name, notes, courseId, permission, password)
VALUES ( "1385739","Christine Ha","",7,0,"");
Insert Into sys.Student (studentId, name, notes, courseId, permission, password)
VALUES  ( "1457392","Stephanie Don","",7,0,"");
Insert Into sys.Student (studentId, name, notes, courseId, permission, password)
VALUES ( "1639203","Kevin Nguyen","",7,0,"");
Insert Into sys.Student (studentId, name, notes, courseId, permission, password)
VALUES ( "1746398","Bihn Ngo","",7,0,"");

Insert Into sys.Student (studentId, name, notes, courseId, permission, password)
VALUES  ( "1404575","Phillip Lafleur","",8,0,"");
Insert Into sys.Student (studentId, name, notes, courseId, permission, password)
VALUES ( "1456986","Vincent Rodrigue","",8,0,"");
Insert Into sys.Student (studentId, name, notes, courseId, permission, password)
VALUES  ( "1573095","Charles Xavier ","",8,0,"");
Insert Into sys.Student (studentId, name, notes, courseId, permission, password)
VALUES ( "1864839","Erik Reinhart","",8,0,"");
Insert Into sys.Student (studentId, name, notes, courseId, permission, password)
VALUES ( "1835795","Penellope Braith ","",8,0,"");

Insert Into sys.Student (studentId, name, notes, courseId, permission, password)
VALUES ("1843567","John Marston","",9,0,"");
Insert Into sys.Student (studentId, name, notes, courseId, permission, password)
VALUES ( "1758492","Arthur Morgan","",9,0,"");
Insert Into sys.Student (studentId, name, notes, courseId, permission, password)
VALUES  ( "1836485","Dutch Van","",9,0,"");
Insert Into sys.Student (studentId, name, notes, courseId, permission, password)
VALUES  ( "1458693","Partick Antoniuos","",9,0,"");
Insert Into sys.Student (studentId, name, notes, courseId, permission, password)
VALUES  ( "1575934","Daniel Negrenau","",9,0,"");
Insert Into sys.Student (studentId, name, notes, courseId, permission, password)
VALUES  ( "1684943","Emily Chartrand","",9,0,"");
Insert Into sys.Student (studentId, name, notes, courseId, permission, password)
VALUES ( "1847566","Gandalf theGrey","",9,0,"");
Insert Into sys.Student (studentId, name, notes, courseId, permission, password)
VALUES  ( "1394583","Gandalf theWhite","",9,0,"");
Insert Into sys.Student (studentId, name, notes, courseId, permission, password)
VALUES  ( "1674934","Morgan Freeman","",9,0,"");


Insert Into sys.Student (studentId, name, notes, courseId, permission, password)
VALUES ( "1538412","Captain Teemo","",10,0,"");
Insert Into sys.Student (studentId, name, notes, courseId, permission, password)
VALUES ( "1489123","Liquid Ocelot","",10,0,"");
Insert Into sys.Student (studentId, name, notes, courseId, permission, password)
VALUES ( "1784241","Van Hellsing","",10,0,"");
Insert Into sys.Student (studentId, name, notes, courseId, permission, password)
VALUES  ( "1582304","Kazuhira Miller","",10,0,"");
Insert Into sys.Student (studentId, name, notes, courseId, permission, password)
VALUES  ( "1684504","Frodo Baggins","",10,0,"");
Insert Into sys.Student (studentId, name, notes, courseId, permission, password)
VALUES  ( "1758393","Faker Sama","",10,0,"");
Insert Into sys.Student (studentId, name, notes, courseId, permission, password)
VALUES  ( "1746393","Adam Lyne","",10,0,"");
Insert Into sys.Student (studentId, name, notes, courseId, permission, password)
VALUES  ( "1836349","Sam Fisher","",10,0,"");
Insert Into sys.Student (studentId, name, notes, courseId, permission, password)
VALUES  ( "1434561","Ezio Auditore","",10,0,"");
Insert Into sys.Student (studentId, name, notes, courseId, permission, password)
VALUES  ( "1679431","Peter Parker","",10,0,"");
Insert Into sys.Student (studentId, name, notes, courseId, permission, password)
VALUES ( "1638231","Bill Cosby","",10,0,"");
Insert Into sys.Student (studentId, name, notes, courseId, permission, password)
VALUES ( "1583432","Thor Odinson","",10,0,"");
Insert Into sys.Student (studentId, name, notes, courseId, permission, password)
VALUES ( "1485923","Dave Chapelle","",10,0,"");


INSERT INTO sys.Booking (roomId, date)
VALUES (0, '2018-12-19 12:30:00');
INSERT INTO sys.Booking (roomId, date)
VALUES (1, '2018-12-11 09:00:19');
INSERT INTO sys.Booking (roomId, date)
VALUES (1, '2018-12-10 12:00:00');
INSERT INTO sys.Booking (roomId, date)
VALUES (2, '2018-12-10 14:45:00');
INSERT INTO sys.Booking (roomId, date)
VALUES (3, '2018-12-07 15:30:19');
INSERT INTO sys.Booking (roomId, date)
VALUES (1, '2018-12-07 16:45:19');
INSERT INTO sys.Booking (roomId, date)
VALUES (3, '2018-12-06 08:30:19');
INSERT INTO sys.Booking (roomId, date)
VALUES (2, '2018-12-06 19:19:19');
INSERT INTO sys.Booking (roomId, date)
VALUES (2, '2018-12-19 11:00:19');
INSERT INTO sys.Booking (roomId, date)
VALUES (3, '2018-11-13 16:30:19');
INSERT INTO sys.Booking (roomId, date)
VALUES (1, '2018-11-14 13:00:19');
INSERT INTO sys.Booking (roomId, date)
VALUES (3, '2018-11-21 20:20:19');
INSERT INTO sys.Booking (roomId, date)
VALUES (2, '2018-11-22 11:30:19');
INSERT INTO sys.Booking (roomId, date)
VALUES (1, '2018-11-19 08:30:19');
INSERT INTO sys.Booking (roomId, date)
VALUES (1, '2018-11-19 11:30:19');
INSERT INTO sys.Booking (roomId, date)
VALUES (3, '2018-12-06 12:00:19');
INSERT INTO sys.Booking (roomId, date)
VALUES (3, '2018-12-06 14:30:19');

INSERT INTO sys.Logins (date)
VALUES ('2018-12-06 00:46:02');
INSERT INTO sys.Logins (date)
VALUES ('2018-12-05 07:42:37');
INSERT INTO sys.Logins (date)
VALUES ('2018-12-10 05:49:47');
INSERT INTO sys.Logins (date)
VALUES ('2018-12-09 03:16:15');
INSERT INTO sys.Logins (date)
VALUES ('2018-12-06 20:56:23');
INSERT INTO sys.Logins (date)
VALUES ('2018-12-06 10:38:39');
INSERT INTO sys.Logins (date)
VALUES ('2018-12-07 22:15:04');
INSERT INTO sys.Logins (date)
VALUES ('2018-12-10 18:41:40');
INSERT INTO sys.Logins (date)
VALUES ('2018-12-05 15:42:46');
INSERT INTO sys.Logins (date)
VALUES ('2018-12-05 01:56:21');
INSERT INTO sys.Logins (date)
VALUES ('2018-12-10 04:55:35');
INSERT INTO sys.Logins (date)
VALUES ('2018-12-07 05:26:40');
INSERT INTO sys.Logins (date)
VALUES ('2018-12-06 07:02:41');
INSERT INTO sys.Logins (date)
VALUES ('2018-12-09 08:08:51');
INSERT INTO sys.Logins (date)
VALUES ('2018-12-06 04:51:04');
INSERT INTO sys.Logins (date)
VALUES ('2018-12-04 06:54:01');
INSERT INTO sys.Logins (date)
VALUES ('2018-12-08 20:21:25');
INSERT INTO sys.Logins (date)
VALUES ('2018-12-07 08:44:41');
INSERT INTO sys.Logins (date)
VALUES ('2018-12-06 07:40:00');
INSERT INTO sys.Logins (date)
VALUES ('2018-12-06 11:21:23');
INSERT INTO sys.Logins (date)
VALUES ('2018-12-08 10:47:49');
INSERT INTO sys.Logins (date)
VALUES ('2018-12-06 09:33:33');